ticker,first_seen,last_seen,status,name_at_first_seen,delist_reason,absences
AADI,2026-09-22,2026-09-22,active,AADI,,0
AALI,2026-09-22,2026-09-22,active,AALI,,0
ABDA,2026-09-22,2026-09-22,active,ABDA,,0
ABMM,2026-09-22,2026-09-22,active,ABMM,,0
ACES,2026-09-22,2026-09-22,active,ACES,,0
ACST,2026-09-22,2026-09-22,active,ACST,,0
ADES,2026-09-22,2026-09-22,active,ADES,,0
ADMF,2026-09-22,2026-09-22,active,ADMF,,0
ADMR,2026-09-22,2026-09-22,active,ADMR,,0
ADRO,2026-09-22,2026-09-22,active,ADRO,,0
AGAR,2026-09-22,2026-09-22,active,AGAR,,0
AGII,2026-09-22,2026-09-22,active,AGII,,0
AGRO,2026-09-22,2026-09-22,active,AGRO,,0
AGRS,2026-09-22,2026-09-22,active,AGRS,,0
AISA,2026-09-22,2026-09-22,active,AISA,,0
AKRA,2026-09-22,2026-09-22,active,AKRA,,0
ALDO,2026-09-22,2026-09-22,active,ALDO,,0
ALII,2026-09-22,2026-09-22,active,ALII,,0
ALKA,2026-09-22,2026-09-22,active,ALKA,,0
AMAG,2026-09-22,2026-09-22,active,AMAG,,0
AMAR,2026-09-22,2026-09-22,active,AMAR,,0
AMFG,2026-09-22,2026-09-22,active,AMFG,,0
AMMN,2026-09-22,2026-09-22,active,AMMN,,0
AMRT,2026-09-22,2026-09-22,active,AMRT,,0
ANJT,2026-09-22,2026-09-22,active,ANJT,,0
ANTM,2026-09-22,2026-09-22,active,ANTM,,0
APIC,2026-09-22,2026-09-22,active,APIC,,0
APLN,2026-09-22,2026-09-22,active,APLN,,0
ARCI,2026-09-22,2026-09-22,active,ARCI,,0
ARGO,2026-09-22,2026-09-22,active,ARGO,,0
ARII,2026-09-22,2026-09-22,active,ARII,,0
ARKO,2026-09-22,2026-09-22,active,ARKO,,0
ARNA,2026-09-22,2026-09-22,active,ARNA,,0
ARTO,2026-09-22,2026-09-22,active,ARTO,,0
ASGR,2026-09-22,2026-09-22,active,ASGR,,0
ASII,2026-09-22,2026-09-22,active,ASII,,0
ASLI,2026-09-22,2026-09-22,active,ASLI,,0
ASRI,2026-09-22,2026-09-22,active,ASRI,,0
ASSA,2026-09-22,2026-09-22,active,ASSA,,0
ATIC,2026-09-22,2026-09-22,active,ATIC,,0
AUTO,2026-09-22,2026-09-22,active,AUTO,,0
AVIA,2026-09-22,2026-09-22,active,AVIA,,0
AYAM,2026-09-22,2026-09-22,active,AYAM,,0
BABP,2026-09-22,2026-09-22,active,BABP,,0
BACA,2026-09-22,2026-09-22,active,BACA,,0
BACH,2026-09-22,2026-09-22,active,BACH,,0
BALI,2026-09-22,2026-09-22,active,BALI,,0
BANK,2026-09-22,2026-09-22,active,BANK,,0
BBCA,2026-09-22,2026-09-22,active,BBCA,,0
BBHI,2026-09-22,2026-09-22,active,BBHI,,0
BBKP,2026-09-22,2026-09-22,active,BBKP,,0
BBLD,2026-09-22,2026-09-22,active,BBLD,,0
BBMD,2026-09-22,2026-09-22,active,BBMD,,0
BBNI,2026-09-22,2026-09-22,active,BBNI,,0
BBRI,2026-09-22,2026-09-22,active,BBRI,,0
BBRM,2026-09-22,2026-09-22,active,BBRM,,0
BBSI,2026-09-22,2026-09-22,active,BBSI,,0
BBTN,2026-09-22,2026-09-22,active,BBTN,,0
BBYB,2026-09-22,2026-09-22,active,BBYB,,0
BCAP,2026-09-22,2026-09-22,active,BCAP,,0
BCIC,2026-09-22,2026-09-22,active,BCIC,,0
BDMN,2026-09-22,2026-09-22,active,BDMN,,0
BEEF,2026-09-22,2026-09-22,active,BEEF,,0
BEKS,2026-09-22,2026-09-22,active,BEKS,,0
BELI,2026-09-22,2026-09-22,active,BELI,,0
BESS,2026-09-22,2026-09-22,active,BESS,,0
BEST,2026-09-22,2026-09-22,active,BEST,,0
BFIN,2026-09-22,2026-09-22,active,BFIN,,0
BGTG,2026-09-22,2026-09-22,active,BGTG,,0
BHIT,2026-09-22,2026-09-22,active,BHIT,,0
BIKE,2026-09-22,2026-09-22,active,BIKE,,0
BINA,2026-09-22,2026-09-22,active,BINA,,0
BIPI,2026-09-22,2026-09-22,active,BIPI,,0
BIRD,2026-09-22,2026-09-22,active,BIRD,,0
BISI,2026-09-22,2026-09-22,active,BISI,,0
BJBR,2026-09-22,2026-09-22,active,BJBR,,0
BJTM,2026-09-22,2026-09-22,active,BJTM,,0
BKDP,2026-09-22,2026-09-22,active,BKDP,,0
BKSL,2026-09-22,2026-09-22,active,BKSL,,0
BKSW,2026-09-22,2026-09-22,active,BKSW,,0
BLES,2026-09-22,2026-09-22,active,BLES,,0
BLOG,2026-09-22,2026-09-22,active,BLOG,,0
BLTZ,2026-09-22,2026-09-22,active,BLTZ,,0
BLUE,2026-09-22,2026-09-22,active,BLUE,,0
BMAS,2026-09-22,2026-09-22,active,BMAS,,0
BMHS,2026-09-22,2026-09-22,active,BMHS,,0
BMRI,2026-09-22,2026-09-22,active,BMRI,,0
BMTR,2026-09-22,2026-09-22,active,BMTR,,0
BNBA,2026-09-22,2026-09-22,active,BNBA,,0
BNBR,2026-09-22,2026-09-22,active,BNBR,,0
BNGA,2026-09-22,2026-09-22,active,BNGA,,0
BNII,2026-09-22,2026-09-22,active,BNII,,0
BNLI,2026-09-22,2026-09-22,active,BNLI,,0
BOGA,2026-09-22,2026-09-22,active,BOGA,,0
BOLA,2026-09-22,2026-09-22,active,BOLA,,0
BOLT,2026-09-22,2026-09-22,active,BOLT,,0
BPII,2026-09-22,2026-09-22,active,BPII,,0
BRAM,2026-09-22,2026-09-22,active,BRAM,,0
BREN,2026-09-22,2026-09-22,active,BREN,,0
BRIS,2026-09-22,2026-09-22,active,BRIS,,0
BRMS,2026-09-22,2026-09-22,active,BRMS,,0
BRPT,2026-09-22,2026-09-22,active,BRPT,,0
BSBK,2026-09-22,2026-09-22,active,BSBK,,0
BSDE,2026-09-22,2026-09-22,active,BSDE,,0
BSIM,2026-09-22,2026-09-22,active,BSIM,,0
BSML,2026-09-22,2026-09-22,active,BSML,,0
BSSR,2026-09-22,2026-09-22,active,BSSR,,0
BSWD,2026-09-22,2026-09-22,active,BSWD,,0
BTPN,2026-09-22,2026-09-22,active,BTPN,,0
BTPS,2026-09-22,2026-09-22,active,BTPS,,0
BUDI,2026-09-22,2026-09-22,active,BUDI,,0
BUKA,2026-09-22,2026-09-22,active,BUKA,,0
BUKK,2026-09-22,2026-09-22,active,BUKK,,0
BULL,2026-09-22,2026-09-22,active,BULL,,0
BUMI,2026-09-22,2026-09-22,active,BUMI,,0
BUVA,2026-09-22,2026-09-22,active,BUVA,,0
BVIC,2026-09-22,2026-09-22,active,BVIC,,0
BWPT,2026-09-22,2026-09-22,active,BWPT,,0
BYAN,2026-09-22,2026-09-22,active,BYAN,,0
CAMP,2026-09-22,2026-09-22,active,CAMP,,0
CARE,2026-09-22,2026-09-22,active,CARE,,0
CARS,2026-09-22,2026-09-22,active,CARS,,0
CASA,2026-09-22,2026-09-22,active,CASA,,0
CASS,2026-09-22,2026-09-22,active,CASS,,0
CBDK,2026-09-22,2026-09-22,active,CBDK,,0
CBRE,2026-09-22,2026-09-22,active,CBRE,,0
CBUT,2026-09-22,2026-09-22,active,CBUT,,0
CDIA,2026-09-22,2026-09-22,active,CDIA,,0
CEKA,2026-09-22,2026-09-22,active,CEKA,,0
CENT,2026-09-22,2026-09-22,active,CENT,,0
CFIN,2026-09-22,2026-09-22,active,CFIN,,0
CITA,2026-09-22,2026-09-22,active,CITA,,0
CLAY,2026-09-22,2026-09-22,active,CLAY,,0
CLEO,2026-09-22,2026-09-22,active,CLEO,,0
CMNP,2026-09-22,2026-09-22,active,CMNP,,0
CMNT,2026-09-22,2026-09-22,active,CMNT,,0
CMRY,2026-09-22,2026-09-22,active,CMRY,,0
CNMA,2026-09-22,2026-09-22,active,CNMA,,0
COCO,2026-09-22,2026-09-22,active,COCO,,0
COIN,2026-09-22,2026-09-22,active,COIN,,0
CPIN,2026-09-22,2026-09-22,active,CPIN,,0
CPRO,2026-09-22,2026-09-22,active,CPRO,,0
CSAP,2026-09-22,2026-09-22,active,CSAP,,0
CSRA,2026-09-22,2026-09-22,active,CSRA,,0
CTBN,2026-09-22,2026-09-22,active,CTBN,,0
CTRA,2026-09-22,2026-09-22,active,CTRA,,0
CUAN,2026-09-22,2026-09-22,active,CUAN,,0
CYBR,2026-09-22,2026-09-22,active,CYBR,,0
DAAZ,2026-09-22,2026-09-22,active,DAAZ,,0
DATA,2026-09-22,2026-09-22,active,DATA,,0
DAYA,2026-09-22,2026-09-22,active,DAYA,,0
DCII,2026-09-22,2026-09-22,active,DCII,,0
DEPO,2026-09-22,2026-09-22,active,DEPO,,0
DEWA,2026-09-22,2026-09-22,active,DEWA,,0
DGWG,2026-09-22,2026-09-22,active,DGWG,,0
DILD,2026-09-22,2026-09-22,active,DILD,,0
DKFT,2026-09-22,2026-09-22,active,DKFT,,0
DLTA,2026-09-22,2026-09-22,active,DLTA,,0
DMAS,2026-09-22,2026-09-22,active,DMAS,,0
DMMX,2026-09-22,2026-09-22,active,DMMX,,0
DMND,2026-09-22,2026-09-22,active,DMND,,0
DNAR,2026-09-22,2026-09-22,active,DNAR,,0
DNET,2026-09-22,2026-09-22,active,DNET,,0
DOID,2026-09-22,2026-09-22,active,DOID,,0
DOOH,2026-09-22,2026-09-22,active,DOOH,,0
DRMA,2026-09-22,2026-09-22,active,DRMA,,0
DSNG,2026-09-22,2026-09-22,active,DSNG,,0
DSSA,2026-09-22,2026-09-22,active,DSSA,,0
DUTI,2026-09-22,2026-09-22,active,DUTI,,0
DVLA,2026-09-22,2026-09-22,active,DVLA,,0
DWGL,2026-09-22,2026-09-22,active,DWGL,,0
EKAD,2026-09-22,2026-09-22,active,EKAD,,0
ELPI,2026-09-22,2026-09-22,active,ELPI,,0
ELSA,2026-09-22,2026-09-22,active,ELSA,,0
ELTY,2026-09-22,2026-09-22,active,ELTY,,0
EMAS,2026-09-22,2026-09-22,active,EMAS,,0
EMTK,2026-09-22,2026-09-22,active,EMTK,,0
ENRG,2026-09-22,2026-09-22,active,ENRG,,0
EPMT,2026-09-22,2026-09-22,active,EPMT,,0
ERAA,2026-09-22,2026-09-22,active,ERAA,,0
ERAL,2026-09-22,2026-09-22,active,ERAL,,0
ESSA,2026-09-22,2026-09-22,active,ESSA,,0
EURO,2026-09-22,2026-09-22,active,EURO,,0
EXCL,2026-09-22,2026-09-22,active,EXCL,,0
FAPA,2026-09-22,2026-09-22,active,FAPA,,0
FAST,2026-09-22,2026-09-22,active,FAST,,0
FILM,2026-09-22,2026-09-22,active,FILM,,0
FISH,2026-09-22,2026-09-22,active,FISH,,0
FMII,2026-09-22,2026-09-22,active,FMII,,0
FOLK,2026-09-22,2026-09-22,active,FOLK,,0
FORE,2026-09-22,2026-09-22,active,FORE,,0
FPNI,2026-09-22,2026-09-22,active,FPNI,,0
FUTR,2026-09-22,2026-09-22,active,FUTR,,0
GDST,2026-09-22,2026-09-22,active,GDST,,0
GEMS,2026-09-22,2026-09-22,active,GEMS,,0
GGRM,2026-09-22,2026-09-22,active,GGRM,,0
GGRP,2026-09-22,2026-09-22,active,GGRP,,0
GIAA,2026-09-22,2026-09-22,active,GIAA,,0
GJTL,2026-09-22,2026-09-22,active,GJTL,,0
GMFI,2026-09-22,2026-09-22,active,GMFI,,0
GMTD,2026-09-22,2026-09-22,active,GMTD,,0
GOLF,2026-09-22,2026-09-22,active,GOLF,,0
GOOD,2026-09-22,2026-09-22,active,GOOD,,0
GOTO,2026-09-22,2026-09-22,active,GOTO,,0
GRIA,2026-09-22,2026-09-22,active,GRIA,,0
GSMF,2026-09-22,2026-09-22,active,GSMF,,0
GTSI,2026-09-22,2026-09-22,active,GTSI,,0
GWSA,2026-09-22,2026-09-22,active,GWSA,,0
GZCO,2026-09-22,2026-09-22,active,GZCO,,0
HATM,2026-09-22,2026-09-22,active,HATM,,0
HEAL,2026-09-22,2026-09-22,active,HEAL,,0
HERO,2026-09-22,2026-09-22,active,HERO,,0
HEXA,2026-09-22,2026-09-22,active,HEXA,,0
HMSP,2026-09-22,2026-09-22,active,HMSP,,0
HRTA,2026-09-22,2026-09-22,active,HRTA,,0
HRUM,2026-09-22,2026-09-22,active,HRUM,,0
HUMI,2026-09-22,2026-09-22,active,HUMI,,0
IATA,2026-09-22,2026-09-22,active,IATA,,0
ICBP,2026-09-22,2026-09-22,active,ICBP,,0
IFII,2026-09-22,2026-09-22,active,IFII,,0
IFSH,2026-09-22,2026-09-22,active,IFSH,,0
IMAS,2026-09-22,2026-09-22,active,IMAS,,0
IMJS,2026-09-22,2026-09-22,active,IMJS,,0
IMPC,2026-09-22,2026-09-22,active,IMPC,,0
INCO,2026-09-22,2026-09-22,active,INCO,,0
INDF,2026-09-22,2026-09-22,active,INDF,,0
INDR,2026-09-22,2026-09-22,active,INDR,,0
INDS,2026-09-22,2026-09-22,active,INDS,,0
INDY,2026-09-22,2026-09-22,active,INDY,,0
INET,2026-09-22,2026-09-22,active,INET,,0
INKP,2026-09-22,2026-09-22,active,INKP,,0
INPC,2026-09-22,2026-09-22,active,INPC,,0
INPP,2026-09-22,2026-09-22,active,INPP,,0
INTP,2026-09-22,2026-09-22,active,INTP,,0
IPCC,2026-09-22,2026-09-22,active,IPCC,,0
IPCM,2026-09-22,2026-09-22,active,IPCM,,0
IPTV,2026-09-22,2026-09-22,active,IPTV,,0
IRSX,2026-09-22,2026-09-22,active,IRSX,,0
ISAT,2026-09-22,2026-09-22,active,ISAT,,0
ISSP,2026-09-22,2026-09-22,active,ISSP,,0
ITMA,2026-09-22,2026-09-22,active,ITMA,,0
ITMG,2026-09-22,2026-09-22,active,ITMG,,0
JARR,2026-09-22,2026-09-22,active,JARR,,0
JAWA,2026-09-22,2026-09-22,active,JAWA,,0
JECX,2026-09-22,2026-09-22,active,JECX,,0
JGLE,2026-09-22,2026-09-22,active,JGLE,,0
JIHD,2026-09-22,2026-09-22,active,JIHD,,0
JKON,2026-09-22,2026-09-22,active,JKON,,0
JPFA,2026-09-22,2026-09-22,active,JPFA,,0
JRPT,2026-09-22,2026-09-22,active,JRPT,,0
JSMR,2026-09-22,2026-09-22,active,JSMR,,0
JSPT,2026-09-22,2026-09-22,active,JSPT,,0
JTPE,2026-09-22,2026-09-22,active,JTPE,,0
KAEF,2026-09-22,2026-09-22,active,KAEF,,0
KBLI,2026-09-22,2026-09-22,active,KBLI,,0
KEEN,2026-09-22,2026-09-22,active,KEEN,,0
KEJU,2026-09-22,2026-09-22,active,KEJU,,0
KETR,2026-09-22,2026-09-22,active,KETR,,0
KIJA,2026-09-22,2026-09-22,active,KIJA,,0
KING,2026-09-22,2026-09-22,active,KING,,0
KINO,2026-09-22,2026-09-22,active,KINO,,0
KKGI,2026-09-22,2026-09-22,active,KKGI,,0
KLBF,2026-09-22,2026-09-22,active,KLBF,,0
KMTR,2026-09-22,2026-09-22,active,KMTR,,0
KOTA,2026-09-22,2026-09-22,active,KOTA,,0
KPIG,2026-09-22,2026-09-22,active,KPIG,,0
KRAS,2026-09-22,2026-09-22,active,KRAS,,0
LIFE,2026-09-22,2026-09-22,active,LIFE,,0
LINK,2026-09-22,2026-09-22,active,LINK,,0
LPCK,2026-09-22,2026-09-22,active,LPCK,,0
LPGI,2026-09-22,2026-09-22,active,LPGI,,0
LPKR,2026-09-22,2026-09-22,active,LPKR,,0
LPPF,2026-09-22,2026-09-22,active,LPPF,,0
LSIP,2026-09-22,2026-09-22,active,LSIP,,0
LTLS,2026-09-22,2026-09-22,active,LTLS,,0
MAHA,2026-09-22,2026-09-22,active,MAHA,,0
MAIN,2026-09-22,2026-09-22,active,MAIN,,0
MAPA,2026-09-22,2026-09-22,active,MAPA,,0
MAPB,2026-09-22,2026-09-22,active,MAPB,,0
MAPI,2026-09-22,2026-09-22,active,MAPI,,0
MARK,2026-09-22,2026-09-22,active,MARK,,0
MASB,2026-09-22,2026-09-22,active,MASB,,0
MAYA,2026-09-22,2026-09-22,active,MAYA,,0
MBAP,2026-09-22,2026-09-22,active,MBAP,,0
MBMA,2026-09-22,2026-09-22,active,MBMA,,0
MBSS,2026-09-22,2026-09-22,active,MBSS,,0
MCOL,2026-09-22,2026-09-22,active,MCOL,,0
MCOR,2026-09-22,2026-09-22,active,MCOR,,0
MDIA,2026-09-22,2026-09-22,active,MDIA,,0
MDIY,2026-09-22,2026-09-22,active,MDIY,,0
MDKA,2026-09-22,2026-09-22,active,MDKA,,0
MDLA,2026-09-22,2026-09-22,active,MDLA,,0
MEDC,2026-09-22,2026-09-22,active,MEDC,,0
MEGA,2026-09-22,2026-09-22,active,MEGA,,0
MERK,2026-09-22,2026-09-22,active,MERK,,0
MGLV,2026-09-22,2026-09-22,active,MGLV,,0
MGRO,2026-09-22,2026-09-22,active,MGRO,,0
MIDI,2026-09-22,2026-09-22,active,MIDI,,0
MIKA,2026-09-22,2026-09-22,active,MIKA,,0
MINA,2026-09-22,2026-09-22,active,MINA,,0
MINE,2026-09-22,2026-09-22,active,MINE,,0
MITI,2026-09-22,2026-09-22,active,MITI,,0
MKAP,2026-09-22,2026-09-22,active,MKAP,,0
MKPI,2026-09-22,2026-09-22,active,MKPI,,0
MKTR,2026-09-22,2026-09-22,active,MKTR,,0
MLBI,2026-09-22,2026-09-22,active,MLBI,,0
MLIA,2026-09-22,2026-09-22,active,MLIA,,0
MLPL,2026-09-22,2026-09-22,active,MLPL,,0
MLPT,2026-09-22,2026-09-22,active,MLPT,,0
MMIX,2026-09-22,2026-09-22,active,MMIX,,0
MMLP,2026-09-22,2026-09-22,active,MMLP,,0
MNCN,2026-09-22,2026-09-22,active,MNCN,,0
MOLI,2026-09-22,2026-09-22,active,MOLI,,0
MORA,2026-09-22,2026-09-22,active,MORA,,0
MPMX,2026-09-22,2026-09-22,active,MPMX,,0
MPPA,2026-09-22,2026-09-22,active,MPPA,,0
MPRO,2026-09-22,2026-09-22,active,MPRO,,0
MSIN,2026-09-22,2026-09-22,active,MSIN,,0
MSJA,2026-09-22,2026-09-22,active,MSJA,,0
MSTI,2026-09-22,2026-09-22,active,MSTI,,0
MTDL,2026-09-22,2026-09-22,active,MTDL,,0
MTEL,2026-09-22,2026-09-22,active,MTEL,,0
MTLA,2026-09-22,2026-09-22,active,MTLA,,0
MTMH,2026-09-22,2026-09-22,active,MTMH,,0
MYOH,2026-09-22,2026-09-22,active,MYOH,,0
MYOR,2026-09-22,2026-09-22,active,MYOR,,0
NATO,2026-09-22,2026-09-22,active,NATO,,0
NCKL,2026-09-22,2026-09-22,active,NCKL,,0
NEST,2026-09-22,2026-09-22,active,NEST,,0
NETV,2026-09-22,2026-09-22,active,NETV,,0
NFCX,2026-09-22,2026-09-22,active,NFCX,,0
NICE,2026-09-22,2026-09-22,active,NICE,,0
NICK,2026-09-22,2026-09-22,active,NICK,,0
NICL,2026-09-22,2026-09-22,active,NICL,,0
NIRO,2026-09-22,2026-09-22,active,NIRO,,0
NISP,2026-09-22,2026-09-22,active,NISP,,0
NOBU,2026-09-22,2026-09-22,active,NOBU,,0
NRCA,2026-09-22,2026-09-22,active,NRCA,,0
NSSS,2026-09-22,2026-09-22,active,NSSS,,0
OASA,2026-09-22,2026-09-22,active,OASA,,0
OMED,2026-09-22,2026-09-22,active,OMED,,0
OMRE,2026-09-22,2026-09-22,active,OMRE,,0
PACK,2026-09-22,2026-09-22,active,PACK,,0
PALM,2026-09-22,2026-09-22,active,PALM,,0
PANI,2026-09-22,2026-09-22,active,PANI,,0
PANS,2026-09-22,2026-09-22,active,PANS,,0
PBID,2026-09-22,2026-09-22,active,PBID,,0
PBSA,2026-09-22,2026-09-22,active,PBSA,,0
PDPP,2026-09-22,2026-09-22,active,PDPP,,0
PGAS,2026-09-22,2026-09-22,active,PGAS,,0
PGEO,2026-09-22,2026-09-22,active,PGEO,,0
PGUN,2026-09-22,2026-09-22,active,PGUN,,0
PKPK,2026-09-22,2026-09-22,active,PKPK,,0
PMJS,2026-09-22,2026-09-22,active,PMJS,,0
PNBN,2026-09-22,2026-09-22,active,PNBN,,0
PNBS,2026-09-22,2026-09-22,active,PNBS,,0
PNGO,2026-09-22,2026-09-22,active,PNGO,,0
PNIN,2026-09-22,2026-09-22,active,PNIN,,0
PNLF,2026-09-22,2026-09-22,active,PNLF,,0
POLI,2026-09-22,2026-09-22,active,POLI,,0
POLU,2026-09-22,2026-09-22,active,POLU,,0
PORT,2026-09-22,2026-09-22,active,PORT,,0
POWR,2026-09-22,2026-09-22,active,POWR,,0
PPRE,2026-09-22,2026-09-22,active,PPRE,,0
PRAY,2026-09-22,2026-09-22,active,PRAY,,0
PRDA,2026-09-22,2026-09-22,active,PRDA,,0
PSAB,2026-09-22,2026-09-22,active,PSAB,,0
PSAT,2026-09-22,2026-09-22,active,PSAT,,0
PSGO,2026-09-22,2026-09-22,active,PSGO,,0
PSKT,2026-09-22,2026-09-22,active,PSKT,,0
PSSI,2026-09-22,2026-09-22,active,PSSI,,0
PTBA,2026-09-22,2026-09-22,active,PTBA,,0
PTPP,2026-09-22,2026-09-22,active,PTPP,,0
PTPW,2026-09-22,2026-09-22,active,PTPW,,0
PTRO,2026-09-22,2026-09-22,active,PTRO,,0
PTSN,2026-09-22,2026-09-22,active,PTSN,,0
PWON,2026-09-22,2026-09-22,active,PWON,,0
PYFA,2026-09-22,2026-09-22,active,PYFA,,0
RAAM,2026-09-22,2026-09-22,active,RAAM,,0
RAJA,2026-09-22,2026-09-22,active,RAJA,,0
RALS,2026-09-22,2026-09-22,active,RALS,,0
RANS,2026-09-22,2026-09-22,active,RANS,,0
RATU,2026-09-22,2026-09-22,active,RATU,,0
RDTX,2026-09-22,2026-09-22,active,RDTX,,0
RELI,2026-09-22,2026-09-22,active,RELI,,0
RISE,2026-09-22,2026-09-22,active,RISE,,0
RLCO,2026-09-22,2026-09-22,active,RLCO,,0
RMKE,2026-09-22,2026-09-22,active,RMKE,,0
ROCK,2026-09-22,2026-09-22,active,ROCK,,0
RONY,2026-09-22,2026-09-22,active,RONY,,0
ROTI,2026-09-22,2026-09-22,active,ROTI,,0
RSCH,2026-09-22,2026-09-22,active,RSCH,,0
SAME,2026-09-22,2026-09-22,active,SAME,,0
SAMF,2026-09-22,2026-09-22,active,SAMF,,0
SCCO,2026-09-22,2026-09-22,active,SCCO,,0
SCMA,2026-09-22,2026-09-22,active,SCMA,,0
SDRA,2026-09-22,2026-09-22,active,SDRA,,0
SFAN,2026-09-22,2026-09-22,active,SFAN,,0
SGER,2026-09-22,2026-09-22,active,SGER,,0
SGRO,2026-09-22,2026-09-22,active,SGRO,,0
SHIP,2026-09-22,2026-09-22,active,SHIP,,0
SIDO,2026-09-22,2026-09-22,active,SIDO,,0
SILO,2026-09-22,2026-09-22,active,SILO,,0
SIMP,2026-09-22,2026-09-22,active,SIMP,,0
SINI,2026-09-22,2026-09-22,active,SINI,,0
SIPD,2026-09-22,2026-09-22,active,SIPD,,0
SKLT,2026-09-22,2026-09-22,active,SKLT,,0
SKRN,2026-09-22,2026-09-22,active,SKRN,,0
SMAR,2026-09-22,2026-09-22,active,SMAR,,0
SMBR,2026-09-22,2026-09-22,active,SMBR,,0
SMDM,2026-09-22,2026-09-22,active,SMDM,,0
SMDR,2026-09-22,2026-09-22,active,SMDR,,0
SMGR,2026-09-22,2026-09-22,active,SMGR,,0
SMIL,2026-09-22,2026-09-22,active,SMIL,,0
SMMA,2026-09-22,2026-09-22,active,SMMA,,0
SMMT,2026-09-22,2026-09-22,active,SMMT,,0
SMRA,2026-09-22,2026-09-22,active,SMRA,,0
SMSM,2026-09-22,2026-09-22,active,SMSM,,0
SOCI,2026-09-22,2026-09-22,active,SOCI,,0
SOHO,2026-09-22,2026-09-22,active,SOHO,,0
SONA,2026-09-22,2026-09-22,active,SONA,,0
SPTO,2026-09-22,2026-09-22,active,SPTO,,0
SQMI,2026-09-22,2026-09-22,active,SQMI,,0
SRAJ,2026-09-22,2026-09-22,active,SRAJ,,0
SRTG,2026-09-22,2026-09-22,active,SRTG,,0
SSIA,2026-09-22,2026-09-22,active,SSIA,,0
SSMS,2026-09-22,2026-09-22,active,SSMS,,0
STAA,2026-09-22,2026-09-22,active,STAA,,0
STAR,2026-09-22,2026-09-22,active,STAR,,0
STTP,2026-09-22,2026-09-22,active,STTP,,0
SUNI,2026-09-22,2026-09-22,active,SUNI,,0
SUPA,2026-09-22,2026-09-22,active,SUPA,,0
SURE,2026-09-22,2026-09-22,active,SURE,,0
TAPG,2026-09-22,2026-09-22,active,TAPG,,0
TBIG,2026-09-22,2026-09-22,active,TBIG,,0
TBLA,2026-09-22,2026-09-22,active,TBLA,,0
TCID,2026-09-22,2026-09-22,active,TCID,,0
TCPI,2026-09-22,2026-09-22,active,TCPI,,0
TEBE,2026-09-22,2026-09-22,active,TEBE,,0
TFCO,2026-09-22,2026-09-22,active,TFCO,,0
TGKA,2026-09-22,2026-09-22,active,TGKA,,0
TIFA,2026-09-22,2026-09-22,active,TIFA,,0
TINS,2026-09-22,2026-09-22,active,TINS,,0
TKIM,2026-09-22,2026-09-22,active,TKIM,,0
TLDN,2026-09-22,2026-09-22,active,TLDN,,0
TLKM,2026-09-22,2026-09-22,active,TLKM,,0
TMAS,2026-09-22,2026-09-22,active,TMAS,,0
TOBA,2026-09-22,2026-09-22,active,TOBA,,0
TOTL,2026-09-22,2026-09-22,active,TOTL,,0
TOTO,2026-09-22,2026-09-22,active,TOTO,,0
TOWR,2026-09-22,2026-09-22,active,TOWR,,0
TPIA,2026-09-22,2026-09-22,active,TPIA,,0
TPMA,2026-09-22,2026-09-22,active,TPMA,,0
TRGU,2026-09-22,2026-09-22,active,TRGU,,0
TRIM,2026-09-22,2026-09-22,active,TRIM,,0
TRIN,2026-09-22,2026-09-22,active,TRIN,,0
TRST,2026-09-22,2026-09-22,active,TRST,,0
TSPC,2026-09-22,2026-09-22,active,TSPC,,0
TUGU,2026-09-22,2026-09-22,active,TUGU,,0
UANG,2026-09-22,2026-09-22,active,UANG,,0
UCID,2026-09-22,2026-09-22,active,UCID,,0
ULTJ,2026-09-22,2026-09-22,active,ULTJ,,0
UNIC,2026-09-22,2026-09-22,active,UNIC,,0
UNTR,2026-09-22,2026-09-22,active,UNTR,,0
UNVR,2026-09-22,2026-09-22,active,UNVR,,0
VERN,2026-09-22,2026-09-22,active,VERN,,0
VICI,2026-09-22,2026-09-22,active,VICI,,0
VICO,2026-09-22,2026-09-22,active,VICO,,0
VISI,2026-09-22,2026-09-22,active,VISI,,0
VKTR,2026-09-22,2026-09-22,active,VKTR,,0
VOKS,2026-09-22,2026-09-22,active,VOKS,,0
WIFI,2026-09-22,2026-09-22,active,WIFI,,0
WIIM,2026-09-22,2026-09-22,active,WIIM,,0
WINS,2026-09-22,2026-09-22,active,WINS,,0
WOOD,2026-09-22,2026-09-22,active,WOOD,,0
XSPI,2026-09-22,2026-09-22,active,XSPI,,0
YULE,2026-09-22,2026-09-22,active,YULE,,0
YUPI,2026-09-22,2026-09-22,active,YUPI,,0
